-- Trait Data
INSERT INTO traits(name, description, type)
VALUES ('Active', ' characterized by action rather than by contemplation or speculation', 'POSITIVE'),
       ('Accessible', ' capable of being reached', 'POSITIVE'),
       ('Adaptable', ' capable of being or becoming adapted', 'POSITIVE'),
       ('Admirable', ' deserving the highest esteem : excellent', 'POSITIVE'),
       ('Adventurous', ' disposed to seek adventure or to cope with the new and unknown', 'POSITIVE'),
       ('Agreeable', ' pleasing to the mind or senses especially as according well with ones tastes or needs',
        'POSITIVE'),
       ('Alert', ' watchful and prompt to meet danger or emergency', 'POSITIVE'),
       ('Allocentric', ' having ones interest and attention centered on other persons   compare egocentric',
        'POSITIVE'),
       ('Amiable', ' friendly, sociable, and congenial', 'POSITIVE'),
       ('Anticipative', ' given to anticipation : anticipating', 'POSITIVE'),
       ('Appreciative', ' having or showing appreciation', 'POSITIVE'),
       ('Articulate', ' expressing oneself readily, clearly, and effectively', 'POSITIVE'),
       ('Aspiring',
        ' desiring and working to achieve a particular goal : having aspirations to attain a specified profession, position, etc.',
        'POSITIVE'),
       ('Athletic', ' of or relating to athletes or athletics', 'POSITIVE'),
       ('Attractive', ' arousing interest or pleasure : charming', 'POSITIVE'),
       ('Balanced',
        ' being in a state of balance : having different parts or elements properly or effectively arranged, proportioned, regulated, considered, etc.',
        'POSITIVE'),
       ('Benevolent', ' marked by or disposed to doing good', 'POSITIVE'),
       ('Brilliant', ' very bright : glittering', 'POSITIVE'),
       ('Calm', ' a period or condition of freedom from storms, high winds, or rough activity of water', 'POSITIVE'),
       ('Capable', ' susceptible', 'POSITIVE'),
       ('Captivating', ' charmingly or irresistibly appealing', 'POSITIVE'),
       ('Caring', ' feeling or showing concern for or kindness to others', 'POSITIVE'),
       ('Challenging', ' arousing competitive interest, thought, or action', 'POSITIVE'),
       ('Charismatic', ' having, exhibiting, or based on charisma or charism', 'POSITIVE'),
       ('Charming', ' extremely pleasing or delightful : entrancing', 'POSITIVE'),
       ('Cheerful', ' full of good spirits : merry', 'POSITIVE'),
       ('Clean', ' free from dirt or pollution', 'POSITIVE'),
       ('Clear-headed', ' having or showing a clear understanding : perceptive', 'POSITIVE'),
       ('Clever', ' skillful or adroit in using the hands or body : nimble', 'POSITIVE'),
       ('Colorful', ' having striking colors', 'POSITIVE'),
       ('Compassionate', ' having or showing compassion : sympathetic', 'POSITIVE'),
       ('Conciliatory',
        ' intended to gain goodwill or favor or to reduce hostility : tending or intended to conciliate', 'POSITIVE'),
       ('Confident', ' full of conviction : certain', 'POSITIVE'),
       ('Conscientious', ' meticulous, careful', 'POSITIVE'),
       ('Considerate', ' marked by or given to careful consideration : circumspect', 'POSITIVE'),
       ('Constant', ' marked by firm steadfast resolution or faithfulness : exhibiting constancy of mind or attachment',
        'POSITIVE'),
       ('Contemplative', ' marked by or given to contemplation', 'POSITIVE'),
       ('Cooperative', ' marked by cooperation', 'POSITIVE'),
       ('Courageous', ' having or characterized by courage : brave', 'POSITIVE'),
       ('Courteous', ' marked by polished manners, gallantry, or ceremonial usage of a court', 'POSITIVE'),
       ('Creative', ' marked by the ability or power to create : given to creating', 'POSITIVE'),
       ('Cultured', ' cultivated', 'POSITIVE'),
       ('Curious', ' marked by desire to investigate and learn', 'POSITIVE'),
       ('Daring', ' venturesomely bold in action or thought', 'POSITIVE'),
       ('Debonair', ' suave, urbane', 'POSITIVE'),
       ('Decent', ' marked by moral integrity, kindness, and goodwill', 'POSITIVE'),
       ('Decisive', ' having the power or quality of deciding', 'POSITIVE'),
       ('Dedicated', ' devoted to a cause, ideal, or purpose : zealous', 'POSITIVE'),
       ('Deep', ' extending far from some surface or area: such as', 'POSITIVE'),
       ('Dignified', ' showing or expressing dignity', 'POSITIVE'),
       ('Directed', ' subject to supervision or regulation', 'POSITIVE'),
       ('Disciplined', ' marked by or possessing discipline', 'POSITIVE'),
       ('Discreet', ' having or showing discernment or good judgment in conduct and especially in speech : prudent',
        'POSITIVE'),
       ('Dramatic', ' of or relating to the drama', 'POSITIVE'),
       ('Dutiful', ' filled with or motivated by a sense of duty', 'POSITIVE'),
       ('Dynamic', ' marked by usually continuous and productive activity or change', 'POSITIVE'),
       ('Earnest', ' characterized by or proceeding from an intense and serious state of mind', 'POSITIVE'),
       ('Ebullient', ' boiling, agitated', 'POSITIVE'),
       ('Educated', ' having an education', 'POSITIVE'),
       ('Efficient', ' productive of desired effects', 'POSITIVE'),
       ('Elegant', ' marked by elegance', 'POSITIVE'),
       ('Eloquent', ' marked by forceful and fluent expression', 'POSITIVE'),
       ('Empathetic', ' involving, characterized by, or based on empathy', 'POSITIVE'),
       ('Energetic', ' operating with or marked by vigor or effect', 'POSITIVE'),
       ('Enthusiastic', ' filled with or marked by enthusiasm', 'POSITIVE'),
       ('Esthetic', ' of, relating to, or dealing with aesthetics or the beautiful', 'POSITIVE'),
       ('Exciting', ' producing excitement', 'POSITIVE'),
       ('Extraordinary', ' going beyond what is usual, regular, or customary', 'POSITIVE'),
       ('Fair', ' marked by impartiality and honesty : free from self-interest, prejudice, or favoritism', 'POSITIVE'),
       ('Faithful', ' steadfast in affection or allegiance : loyal', 'POSITIVE'),
       ('Farsighted', ' seeing or able to see to a great distance', 'POSITIVE'),
       ('Felicific', ' causing or intended to cause happiness', 'POSITIVE'),
       ('Firm', ' securely or solidly fixed in place', 'POSITIVE'),
       ('Flexible', ' capable of being flexed : pliant', 'POSITIVE'),
       ('Focused', ' a center of activity, attraction, or attention', 'POSITIVE'),
       ('Forgiving', ' willing or able to forgive', 'POSITIVE'),
       ('Forthright', ' free from ambiguity or evasiveness : going straight to the point', 'POSITIVE'),
       ('Freethinking',
        ' a person who thinks freely or independently : one who forms opinions on the basis of reason independently of authority',
        'POSITIVE'),
       ('Friendly', ' of, relating to, or befitting a friend: such as', 'POSITIVE'),
       ('Gallant', ' showy in dress or bearing : smart', 'POSITIVE'),
       ('Generous', ' liberal in giving : openhanded', 'POSITIVE'),
       ('Gentle', ' free from harshness, sternness, or violence', 'POSITIVE'),
       ('Genuine', ' actually having the reputed or apparent qualities or character', 'POSITIVE'),
       ('Good-natured', ' of a pleasant and cooperative disposition', 'POSITIVE'),
       ('Gracious', ' marked by kindness and courtesy', 'POSITIVE'),
       ('Hardworking',
        ' constantly, regularly, or habitually engaged in earnest and energetic work : industrious, diligent',
        'POSITIVE'),
       ('Healthy', ' enjoying good health', 'POSITIVE'),
       ('Hearty', ' giving unqualified support', 'POSITIVE'),
       ('Helpful', ' of service or assistance : useful', 'POSITIVE'),
       ('High-minded', ' marked by elevated principles and feelings', 'POSITIVE'),
       ('Honest', ' free from fraud or deception : legitimate, truthful', 'POSITIVE'),
       ('Honorable', ' deserving of respect or high regard : deserving of honor', 'POSITIVE'),
       ('Humble', ' not proud or haughty : not arrogant or assertive', 'POSITIVE'),
       ('Humorous',
        ' full of or characterized by that quality which appeals to a sense of the ludicrous or absurdly incongruous : full of or characterized by humor : funny',
        'POSITIVE'),
       ('Idealistic', ' of or relating to idealists or idealism', 'POSITIVE'),
       ('Imaginative', ' of, relating to, or characterized by imagination', 'POSITIVE'),
       ('Impressive',
        ' making or tending to make a marked impression : having the power to excite attention, awe, or admiration',
        'POSITIVE'),
       ('Incisive', ' impressively direct and decisive (as in manner or presentation)', 'POSITIVE'),
       ('Incorruptible', ' incapable of corruption: such as', 'POSITIVE'),
       ('Independent', ' not dependent: such as', 'POSITIVE'),
       ('Individualistic', ' one that pursues a markedly independent course in thought or action', 'POSITIVE'),
       ('Innovative', ' characterized by, tending to, or introducing innovations', 'POSITIVE'),
       ('Inoffensive', ' causing no harm or injury', 'POSITIVE'),
       ('Insightful', ' exhibiting or characterized by insight', 'POSITIVE'),
       ('Insouciant', ' lighthearted unconcern : nonchalance', 'POSITIVE'),
       ('Intelligent', ' having or indicating a high or satisfactory degree of intelligence and mental capacity',
        'POSITIVE'),
       ('Intuitive', ' possessing or given to intuition or insight', 'POSITIVE'),
       ('Invulnerable', ' incapable of being wounded, injured, or harmed', 'POSITIVE'),
       ('Kind', ' a group united by common traits or interests : category', 'POSITIVE'),
       ('Knowledge',
        ' the fact or condition of knowing something with familiarity gained through experience or association',
        'POSITIVE'),
       ('Leisurely', ' without haste : deliberately', 'POSITIVE'),
       ('Liberal', ' of, relating to, or based on the liberal arts', 'POSITIVE'),
       ('Logical', ' of, relating to, involving, or being in accordance with logic', 'POSITIVE'),
       ('Lovable', ' having qualities that attract affection', 'POSITIVE'),
       ('Loyal', ' unswerving in allegiance: such as', 'POSITIVE'),
       ('Lyrical', ' lyric', 'POSITIVE'),
       ('Magnanimous', ' showing or suggesting a lofty and courageous spirit', 'POSITIVE'),
       ('Many-sided', ' having many sides or aspects', 'POSITIVE'),
       ('Mature', ' based on slow careful consideration', 'POSITIVE'),
       ('Methodical', ' arranged, characterized by, or performed with method or order', 'POSITIVE'),
       ('Moderate', ' avoiding extremes of behavior or expression : observing reasonable limits', 'POSITIVE'),
       ('Modest', ' placing a moderate estimate on ones abilities or worth', 'POSITIVE'),
       ('Multi-leveled', ' having more than one level: such as', 'POSITIVE'),
       ('Neat', ' free from dirt and disorder : habitually clean and orderly', 'POSITIVE'),
       ('Nonauthoritarian', ' not authoritarian', 'POSITIVE'),
       ('Objective',
        ' expressing or dealing with facts or conditions as perceived without distortion by personal feelings, prejudices, or interpretations',
        'POSITIVE'),
       ('Observant', ' paying strict attention : watchful', 'POSITIVE'),
       ('Open', ' having no enclosing or confining barrier : accessible on all or nearly all sides', 'POSITIVE'),
       ('Optimistic', ' of, relating to, or characterized by optimism : feeling or showing hope for the future',
        'POSITIVE'),
       ('Orderly', ' arranged or disposed in some order or pattern : regular', 'POSITIVE'),
       ('Organized', ' having a formal organization to coordinate and carry out activities', 'POSITIVE'),
       ('Original', ' of, relating to, or constituting an origin or beginning : initial', 'POSITIVE'),
       ('Painstaking', ' taking pains : expending, showing, or involving diligent care and effort', 'POSITIVE'),
       ('Passionate', ' easily aroused to anger', 'POSITIVE'),
       ('Patient', ' bearing pains or trials calmly or without complaint', 'POSITIVE'),
       ('Patriotic', ' inspired by patriotism', 'POSITIVE'),
       ('Peaceful', ' peaceable sense 1', 'POSITIVE'),
       ('Perceptive', ' responsive to sensory stimuli : discerning', 'POSITIVE'),
       ('Perfectionist', ' the doctrine that the perfection of moral character constitutes a persons highest good',
        'POSITIVE'),
       ('Personable', ' pleasant or amiable in person : attractive', 'POSITIVE'),
       ('Persuasive', ' tending to persuade', 'POSITIVE'),
       ('Planful', ' full of plans : resourceful, scheming', 'POSITIVE'),
       ('Playful', ' full of play : frolicsome, sportive', 'POSITIVE'),
       ('Polished', ' subjected to polishing : made smooth and glossy by or as if by polishing', 'POSITIVE'),
       ('Popular', ' of or relating to the general public', 'POSITIVE'),
       ('Practical', ' of, relating to, or manifested in practice or action : not theoretical or ideal', 'POSITIVE'),
       ('Precise', ' exactly or sharply defined or stated', 'POSITIVE'),
       ('Principled', ' exhibiting, based on, or characterized by principle', 'POSITIVE'),
       ('Profound', ' having intellectual depth and insight', 'POSITIVE'),
       ('Protean', ' of or resembling Proteus in having a varied nature or ability to assume different forms',
        'POSITIVE'),
       ('Protective', ' to cover or shield from exposure, injury, damage, or destruction : guard', 'POSITIVE'),
       ('Providential', ' of, relating to, or determined by Providence', 'POSITIVE'),
       ('Prudent', ' characterized by, arising from, or showing prudence: such as', 'POSITIVE'),
       ('Punctual', ' being on time : prompt', 'POSITIVE'),
       ('Rational', ' having reason or understanding', 'POSITIVE'),
       ('Realistic',
        ' of, relating to, or marked by literary or artistic realism : accurately representing what is natural or real',
        'POSITIVE'),
       ('Reflective', ' capable of reflecting light, images, or sound waves', 'POSITIVE'),
       ('Relaxed', ' freed from or lacking in precision or stringency', 'POSITIVE'),
       ('Reliable', ' suitable or fit to be relied on : dependable', 'POSITIVE'),
       ('Resourceful', ' able to meet situations : capable of devising ways and means', 'POSITIVE'),
       ('Respectful', ' marked by or showing respect or deference', 'POSITIVE'),
       ('Responsible', ' liable to be called on to answer', 'POSITIVE'),
       ('Responsive', ' giving response : constituting a response : answering', 'POSITIVE'),
       ('Reverential', ' expressing or having a quality of reverence', 'POSITIVE'),
       ('Romantic', ' consisting of or resembling a romance', 'POSITIVE'),
       ('Rustic', ' of, relating to, or suitable for the country : rural', 'POSITIVE'),
       ('Sage', ' one (such as a profound philosopher) distinguished for wisdom', 'POSITIVE'),
       ('Sane', ' proceeding from a sound mind : rational', 'POSITIVE'),
       ('Scholarly', ' of, characteristic of, or suitable to learned persons : learned, academic', 'POSITIVE'),
       ('Scrupulous', ' having moral integrity : acting in strict regard for what is considered right or proper',
        'POSITIVE'),
       ('Secure', ' free from danger', 'POSITIVE'),
       ('Selfless', ' having no concern for self : unselfish', 'POSITIVE'),
       ('Self-critical', ' inclined to find fault with oneself : critical of oneself', 'POSITIVE'),
       ('Self-denying', ' showing self-denial', 'POSITIVE'),
       ('Self-reliant', ' having confidence in and exercising ones own powers or judgment', 'POSITIVE'),
       ('Sensitive', ' sensory sense 2', 'POSITIVE'),
       ('Sentimental', ' marked or governed by feeling, sensibility, or emotional idealism', 'POSITIVE'),
       ('Seraphic', ' of or relating to seraphim', 'POSITIVE'),
       ('Serious', ' thoughtful or subdued in appearance or manner : sober', 'POSITIVE'),
       ('Sexy', ' sexually suggestive or stimulating : erotic', 'POSITIVE'),
       ('Sharing', ' to partake of, use, experience, occupy, or enjoy with others', 'POSITIVE'),
       ('Shrewd', ' marked by clever discerning awareness and hardheaded acumen', 'POSITIVE'),
       ('Simple', ' free from guile : innocent', 'POSITIVE'),
       ('Skillful', ' possessed of or displaying skill : expert', 'POSITIVE'),
       ('Sober', ' not intoxicated', 'POSITIVE'),
       ('Sociable', ' inclined by nature to companionship with others of the same species : social', 'POSITIVE'),
       ('Solid', ' being without an internal cavity', 'POSITIVE'),
       ('Sophisticated', ' deprived of native or original simplicity: such as', 'POSITIVE'),
       ('Spontaneous', ' proceeding from natural feeling or native tendency without external constraint', 'POSITIVE'),
       ('Sporting', ' of, relating to, used, or suitable for sport', 'POSITIVE'),
       ('Stable', ' a building in which domestic animals are sheltered and fed', 'POSITIVE'),
       ('Steadfast', ' firmly fixed in place : immovable', 'POSITIVE'),
       ('Steady', ' direct or sure in movement : unfaltering', 'POSITIVE'),
       ('Stoic',
        ' a member of a school of philosophy founded by Zeno of Citium about 300 b.c. holding that the wise man should be free from passion, unmoved by joy or grief, and submissive to natural law',
        'POSITIVE'),
       ('Strong', ' having or marked by great physical power', 'POSITIVE'),
       ('Studious', ' assiduous in the pursuit of learning', 'POSITIVE'),
       ('Suave', ' smoothly though often superficially gracious and sophisticated', 'POSITIVE'),
       ('Subtle', ' delicate, elusive', 'POSITIVE'),
       ('Sweet',
        ' being, inducing, or marked by the one of the five basic taste sensations that is usually pleasing to the taste and typically induced by sugars (as sucrose or glucose)   compare bitter entry 1 sense 1a, salty entry 1 sense 1b, sour entry 1 sense 1, umami entry 2',
        'POSITIVE'),
       ('Sympathetic', ' existing or operating through an affinity, interdependence, or mutual association',
        'POSITIVE'),
       ('Systematic', ' relating to or consisting of a system', 'POSITIVE'),
       ('Tasteful', ' having, exhibiting, or conforming to good taste', 'POSITIVE'),
       ('Teacherly', ' resembling, characteristic of, or befitting a teacher', 'POSITIVE'),
       ('Thorough', ' carried through to completion : exhaustive', 'POSITIVE'),
       ('Tidy', ' neat and orderly in appearance or habits : well ordered and cared for', 'POSITIVE'),
       ('Tolerant', ' inclined to tolerate', 'POSITIVE'),
       ('Tractable', ' capable of being easily led, taught, or controlled : docile', 'POSITIVE'),
       ('Trusting', ' assured reliance on the character, ability, strength, or truth of someone or something',
        'POSITIVE'),
       ('Uncomplaining', ' not complaining : patient', 'POSITIVE'),
       ('Understanding', ' a mental grasp : comprehension', 'POSITIVE'),
       ('Undogmatic', ' not dogmatic : not committed to dogma', 'POSITIVE'),
       ('Upright', ' perpendicular, vertical', 'POSITIVE'),
       ('Urbane', ' notably polite or polished in manner', 'POSITIVE'),
       ('Venturesome', ' inclined to court or incur risk or danger : daring', 'POSITIVE'),
       ('Vivacious', ' lively in temper, conduct, or spirit : sprightly', 'POSITIVE'),
       ('Warm', ' having or giving out heat to a moderate or adequate degree', 'POSITIVE'),
       ('Well-bred',
        ' having or displaying the politeness and good manners associated especially with people of high social class',
        'POSITIVE'),
       ('Well-read', ' well-informed or deeply versed through reading', 'POSITIVE'),
       ('Well-rounded', ' fully or broadly developed: such as', 'POSITIVE'),
       ('Winning', ' the act of one that wins : victory', 'POSITIVE'),
       ('Wise',
        ' characterized by wisdom : marked by deep understanding, keen discernment, and a capacity for sound judgment',
        'POSITIVE'),
       ('Witty', ' marked by or full of clever humor or wit : smartly facetious or jocular', 'POSITIVE'),
       ('Youthful', ' of, relating to, or characteristic of youth', 'POSITIVE'),
       ('Absentminded', ' lost in thought and unaware of ones surroundings or actions : preoccupied', 'NEUTRAL'),
       ('Aggressive', ' tending toward or exhibiting aggression', 'NEUTRAL'),
       ('Ambitious', ' having or controlled by ambition : having a desire to be successful, powerful, or famous',
        'NEUTRAL'),
       ('Amusing', ' giving amusement : diverting', 'NEUTRAL'),
       ('Artful', ' performed with or showing art or skill', 'NEUTRAL'),
       ('Ascetic', ' practicing strict self-denial as a measure of personal and especially spiritual discipline',
        'NEUTRAL'),
       ('Authoritarian', ' of, relating to, or favoring blind submission to authority', 'NEUTRAL'),
       ('Boyish', ' a male child from birth to adulthood', 'NEUTRAL'),
       ('Breezy', ' swept by breezes', 'NEUTRAL'),
       ('Businesslike', ' exhibiting qualities believed to be advantageous in business', 'NEUTRAL'),
       ('Busy', ' engaged in action : occupied', 'NEUTRAL'),
       ('Casual', ' subject to, resulting from, or occurring by chance', 'NEUTRAL'),
       ('Chummy', ' quite friendly', 'NEUTRAL'),
       ('Circumspect', ' careful to consider all circumstances and possible consequences : prudent', 'NEUTRAL'),
       ('Competitive', ' relating to, characterized by, or based on competition', 'NEUTRAL'),
       ('Complex', ' a whole made up of complicated or interrelated parts', 'NEUTRAL'),
       ('Confidential', ' marked by intimacy or willingness to confide', 'NEUTRAL'),
       ('Conservative', ' of or relating to a philosophy of conservatism', 'NEUTRAL'),
       ('Contradictory', ' involving, causing, or constituting a contradiction', 'NEUTRAL'),
       ('Crisp', ' easily crumbled : brittle', 'NEUTRAL'),
       ('Cute', ' clever or shrewd often in an underhanded manner', 'NEUTRAL'),
       ('Deceptive',
        ' tending or having power to cause someone to accept as true or valid what is false or invalid : tending or having power to deceive',
        'NEUTRAL'),
       ('Determined', ' having reached a decision : firmly resolved', 'NEUTRAL'),
       ('Dominating', ' rule, control', 'NEUTRAL'),
       ('Dreamy', ' full of dreams', 'NEUTRAL'),
       ('Driving', ' communicating force', 'NEUTRAL'),
       ('Droll', ' having a humorous, whimsical, or odd quality', 'NEUTRAL'),
       ('Dry', ' free or relatively free from a liquid and especially water', 'NEUTRAL'),
       ('Earthy', ' of, relating to, or consisting of earth', 'NEUTRAL'),
       ('Effeminate', ' having feminine qualities untypical of a man : not manly in appearance or manner', 'NEUTRAL'),
       ('Emotional', ' of or relating to emotion', 'NEUTRAL'),
       ('Enigmatic', ' of, relating to, or resembling an enigma : mysterious', 'NEUTRAL'),
       ('Experimental', ' of, relating to, or based on experience or experiment', 'NEUTRAL'),
       ('Familial', ' tending to occur in more members of a family than expected by chance alone', 'NEUTRAL'),
       ('Folksy', ' sociable, friendly', 'NEUTRAL'),
       ('Formal', ' belonging to or constituting the form or essence of a thing', 'NEUTRAL'),
       ('Freewheeling', ' free and loose in form or manner: such as', 'NEUTRAL'),
       ('Frugal', ' characterized by or reflecting economy in the use of resources', 'NEUTRAL'),
       ('Glamorous', ' full of glamour : excitingly attractive', 'NEUTRAL'),
       ('Guileless', ' innocent, naive', 'NEUTRAL'),
       ('High-spirited', ' characterized by a bold or energetic spirit', 'NEUTRAL'),
       ('Hypnotic', ' tending to produce sleep : soporific', 'NEUTRAL'),
       ('Iconoclastic', ' a person who attacks settled beliefs or institutions', 'NEUTRAL'),
       ('Idiosyncratic', ' a peculiarity of constitution or temperament : an individualizing characteristic or quality',
        'NEUTRAL'),
       ('Impassive', ' giving no sign of feeling or emotion : expressionless', 'NEUTRAL'),
       ('Impersonal', ' having no personal reference or connection', 'NEUTRAL'),
       ('Impressionable', ' capable of being easily impressed', 'NEUTRAL'),
       ('Intense', ' existing in an extreme degree', 'NEUTRAL'),
       ('Invisible', ' incapable by nature of being seen : not perceptible by vision', 'NEUTRAL'),
       ('Irreligious', ' neglectful of religion : lacking religious emotions, doctrines, or practices', 'NEUTRAL'),
       ('Irreverent', ' lacking proper respect or seriousness', 'NEUTRAL'),
       ('Maternal', ' of, relating to, belonging to, or characteristic of a mother : motherly', 'NEUTRAL'),
       ('Mellow', ' tender and sweet because of ripeness', 'NEUTRAL'),
       ('Modern', ' of, relating to, or characteristic of the present or the immediate past : contemporary', 'NEUTRAL'),
       ('Moralistic', ' characterized by or expressive of a concern with morality', 'NEUTRAL'),
       ('Mystical',
        ' having a spiritual meaning or reality that is neither apparent to the senses nor obvious to the intelligence',
        'NEUTRAL'),
       ('Neutral', ' one that is neutral', 'NEUTRAL'),
       ('Noncommittal', ' giving no clear indication of attitude or feeling', 'NEUTRAL'),
       ('Noncompetitive', ' not competitive : uncompetitive: such as', 'NEUTRAL'),
       ('Obedient', ' submissive to the restraint or command of authority : willing to obey', 'NEUTRAL'),
       ('Ordinary', ' of a kind to be expected in the normal order of events : routine, usual', 'NEUTRAL'),
       ('Outspoken', ' direct and open in speech or expression : frank', 'NEUTRAL'),
       ('Paternalistic',
        ' a system under which an authority undertakes to supply needs or regulate conduct of those under its control in matters affecting them as individuals as well as in their relations to authority and to each other',
        'NEUTRAL'),
       ('Physical', ' of or relating to natural science', 'NEUTRAL'),
       ('Placid', ' serenely free of interruption or disturbance', 'NEUTRAL'),
       ('Political', ' of or relating to government, a government, or the conduct of government', 'NEUTRAL'),
       ('Predictable', ' capable of being predicted : able to be known, seen, or declared in advance', 'NEUTRAL'),
       ('Preoccupied', ' previously applied to another group and unavailable for use in a new sense', 'NEUTRAL'),
       ('Private', ' intended for or restricted to the use of a particular person, group, or class', 'NEUTRAL'),
       ('Progressive', ' of, relating to, or characterized by progress', 'NEUTRAL'),
       ('Proud', ' feeling or showing pride: such as', 'NEUTRAL'),
       ('Pure', ' unmixed with any other matter', 'NEUTRAL'),
       ('Questioning', ' the activity or process of asking questions', 'NEUTRAL'),
       ('Quiet', ' the quality or state of being quiet (see quiet entry 2) : tranquility', 'NEUTRAL'),
       ('Religious', ' relating to or manifesting faithful devotion to an acknowledged ultimate reality or deity',
        'NEUTRAL'),
       ('Reserved', ' restrained in words and actions', 'NEUTRAL'),
       ('Restrained', ' marked by restraint : not excessive or extravagant', 'NEUTRAL'),
       ('Retiring', ' reserved, shy', 'NEUTRAL'),
       ('Sarcastic', ' having the character of sarcasm', 'NEUTRAL'),
       ('Self-conscious',
        ' conscious of ones own acts or states as belonging to or originating in oneself : aware of oneself as an individual',
        'NEUTRAL'),
       ('Sensual',
        ' relating to or consisting in the gratification of the senses or the indulgence of appetite : fleshly',
        'NEUTRAL'),
       ('Skeptical', ' relating to, characteristic of, or marked by skepticism', 'NEUTRAL'),
       ('Smooth', ' having a continuous even surface', 'NEUTRAL'),
       ('Soft', ' pleasing or agreeable to the senses : bringing ease, comfort, or quiet', 'NEUTRAL'),
       ('Solemn', ' marked by the invocation of a religious sanction', 'NEUTRAL'),
       ('Solitary', ' being, living, or going alone or without companions', 'NEUTRAL'),
       ('Stern', ' having a definite hardness or severity of nature or manner : austere', 'NEUTRAL'),
       ('Strict', ' stringent in requirement or control', 'NEUTRAL'),
       ('Stubborn', ' unreasonably or perversely unyielding : mulish', 'NEUTRAL'),
       ('Stylish', ' having style', 'NEUTRAL'),
       ('Subjective', ' of, relating to, or constituting a subject: such as', 'NEUTRAL'),
       ('Surprising', ' of a nature that excites surprise', 'NEUTRAL'),
       ('Tough', ' difficult to accomplish, resolve, endure, or deal with', 'NEUTRAL'),
       ('Unaggressive', ' not aggressive : not given to fighting or assertiveness', 'NEUTRAL'),
       ('Unambitious', ' feeling or showing a lack of ambition : not ambitious', 'NEUTRAL'),
       ('Unceremonious', ' not ceremonious : informal', 'NEUTRAL'),
       ('Unchanging', ' constant, invariable', 'NEUTRAL'),
       ('Undemanding', ' not requiring much time, effort, or attention : not demanding', 'NEUTRAL'),
       ('Unfathomable', ' not capable of being fathomed:', 'NEUTRAL'),
       ('Unhurried', ' not hurried : leisurely', 'NEUTRAL'),
       ('Uninhibited', ' free from inhibition', 'NEUTRAL'),
       ('Unpatriotic', ' not feeling or showing love for or devotion to ones country : not patriotic', 'NEUTRAL'),
       ('Unreligious', ' irreligious', 'NEUTRAL'),
       ('Unsentimental', ' not marked or governed by feeling, sensibility, or emotional idealism : not sentimental',
        'NEUTRAL'),
       ('Whimsical', ' resulting from or characterized by whim or caprice', 'NEUTRAL'),
       ('Abrasive', ' causing damage, wear, or removal of surface material by grinding or rubbing : tending to abrade',
        'NEGATIVE'),
       ('Abrupt',
        ' characterized by or involving action or change without preparation or warning : sudden and unexpected',
        'NEGATIVE'),
       ('Agonizing', ' causing agony', 'NEGATIVE'),
       ('Aimless', ' without aim or purpose : not having a goal or purpose', 'NEGATIVE'),
       ('Airy', ' of or relating to air : atmospheric', 'NEGATIVE'),
       ('Aloof', ' removed or distant either physically or emotionally', 'NEGATIVE'),
       ('Amoral', ' having or showing no concern about whether behavior is morally right or wrong', 'NEGATIVE'),
       ('Angry', ' feeling or showing anger', 'NEGATIVE'),
       ('Anxious', ' characterized by extreme uneasiness of mind or brooding fear about some contingency : worried',
        'NEGATIVE'),
       ('Apathetic',
        ' affected by, characterized by, or displaying apathy : having or showing little or no interest, concern, or emotion',
        'NEGATIVE'),
       ('Arbitrary',
        ' existing or coming about seemingly at random or by chance or as a capricious and unreasonable act of will',
        'NEGATIVE'),
       ('Argumentative',
        ' given to argument : tending to argue : having or showing a tendency to disagree or argue with other people in an angry way : disputatious',
        'NEGATIVE'),
       ('Artificial', ' humanly contrived (see contrive sense 1b) often on a natural model : man-made', 'NEGATIVE'),
       ('Asocial', ' not social: such as', 'NEGATIVE'),
       ('Assertive', ' disposed to or characterized by bold or confident statements and behavior', 'NEGATIVE'),
       ('Astigmatic', ' affected with, relating to, or correcting astigmatism', 'NEGATIVE'),
       ('Barbaric',
        ' of, relating to, or characteristic of a group of people who are alien to another land, culture, or people and who are usually believed to be inferior : of, relating to, or characteristic of barbarians',
        'NEGATIVE'),
       ('Bewildered', ' deeply or utterly confused or perplexed', 'NEGATIVE'),
       ('Bizarre', ' strikingly out of the ordinary: such as', 'NEGATIVE'),
       ('Bland', ' smooth and soothing in manner or quality', 'NEGATIVE'),
       ('Blunt', ' having an edge or point that is not sharp', 'NEGATIVE'),
       ('Brittle', ' easily broken, cracked, or snapped', 'NEGATIVE'),
       ('Brutal', ' suitable to one who lacks intelligence, sensitivity, or compassion : befitting a brute: such as',
        'NEGATIVE'),
       ('Calculating', ' making calculations', 'NEGATIVE'),
       ('Callous', ' being hardened and thickened', 'NEGATIVE'),
       ('Careless', ' free from care : untroubled', 'NEGATIVE'),
       ('Cautious', ' careful about avoiding danger or risk', 'NEGATIVE'),
       ('Charmless', ' the chanting or reciting of a magic spell : incantation', 'NEGATIVE'),
       ('Childish', ' of, relating to, or befitting a child or childhood', 'NEGATIVE'),
       ('Clumsy', ' lacking dexterity, nimbleness, or grace', 'NEGATIVE'),
       ('Coarse', ' of ordinary or inferior quality or value : common', 'NEGATIVE'),
       ('Cold', ' having or being a temperature that is uncomfortably low for humans', 'NEGATIVE'),
       ('Colorless', ' lacking color: such as', 'NEGATIVE'),
       ('Complacent',
        ' marked by self-satisfaction especially when accompanied by unawareness of actual dangers or deficiencies : marked by complacency : self-satisfied',
        'NEGATIVE'),
       ('Complaintive', ' prone to complain', 'NEGATIVE'),
       ('Compulsive', ' having power to compel', 'NEGATIVE'),
       ('Conceited', ' ingeniously contrived : fanciful', 'NEGATIVE'),
       ('Condemnatory',
        ' to declare to be reprehensible, wrong, or evil usually after weighing evidence and without reservation',
        'NEGATIVE'),
       ('Conformist',
        ' one who conforms : a person who behaves in accordance with prevailing standards or customs and typically dislikes or avoids unconventional behavior',
        'NEGATIVE'),
       ('Confused', ' being perplexed or disconcerted', 'NEGATIVE'),
       ('Contemptible', ' worthy of contempt', 'NEGATIVE'),
       ('Conventional', ' formed by agreement or compact', 'NEGATIVE'),
       ('Cowardly', ' in a cowardly manner', 'NEGATIVE'),
       ('Crafty', ' skillful, clever', 'NEGATIVE'),
       ('Crass', ' gross sense 2a', 'NEGATIVE'),
       ('Crazy', ' full of cracks or flaws : unsound', 'NEGATIVE'),
       ('Criminal', ' relating to, involving, or being a crime', 'NEGATIVE'),
       ('Critical', ' inclined to criticize severely and unfavorably', 'NEGATIVE'),
       ('Crude', ' marked by the primitive, gross, or elemental or by uncultivated simplicity or vulgarity',
        'NEGATIVE'),
       ('Cruel', ' disposed to inflict pain or suffering : devoid of humane feelings', 'NEGATIVE'),
       ('Cynical', ' having or showing the attitude or temper of a cynic: such as', 'NEGATIVE'),
       ('Decadent', ' characterized by or appealing to self-indulgence', 'NEGATIVE'),
       ('Deceitful', ' having a tendency or disposition to deceive or give false impressions:', 'NEGATIVE'),
       ('Delicate', ' pleasing to the senses:', 'NEGATIVE'),
       ('Demanding', ' requiring much time, effort, or attention : exacting', 'NEGATIVE'),
       ('Dependent', ' determined or conditioned by another : contingent', 'NEGATIVE'),
       ('Desperate', ' having lost hope', 'NEGATIVE'),
       ('Destructive', ' causing destruction : ruinous', 'NEGATIVE'),
       ('Devious', ' wandering, roundabout', 'NEGATIVE'),
       ('Difficult', ' hard to do, make, or carry out : arduous', 'NEGATIVE'),
       ('Dirty', ' not clean or pure', 'NEGATIVE'),
       ('Disconcerting', ' to throw into confusion', 'NEGATIVE'),
       ('Discontented', ' dissatisfied, malcontent', 'NEGATIVE'),
       ('Discouraging', ' to deprive of courage or confidence : dishearten', 'NEGATIVE'),
       ('Discourteous', ' lacking courtesy : rude', 'NEGATIVE'),
       ('Dishonest', ' shameful, unchaste', 'NEGATIVE'),
       ('Disloyal', ' lacking in loyalty', 'NEGATIVE'),
       ('Disobedient', ' refusing or neglecting to obey', 'NEGATIVE'),
       ('Disorderly', ' in a disorderly manner', 'NEGATIVE'),
       ('Disorganized', ' lacking coherence, system, or central guiding agency : not organized', 'NEGATIVE'),
       ('Disputatious', ' inclined to dispute', 'NEGATIVE'),
       ('Disrespectful', ' to lack special regard or respect for : to have disrespect (see disrespect entry 2) for',
        'NEGATIVE'),
       ('Disruptive',
        ' disrupting or tending to disrupt some process, activity, condition, etc. : causing or tending to cause disruption',
        'NEGATIVE'),
       ('Dissolute', ' lacking restraint', 'NEGATIVE'),
       ('Dissonant', ' marked by dissonance : discordant', 'NEGATIVE'),
       ('Distractible',
        ' to draw or direct (something, such as someones attention) to a different object or in different directions at the same time',
        'NEGATIVE'),
       ('Disturbing', ' causing feelings of worry, concern, or anxiety', 'NEGATIVE'),
       ('Dogmatic',
        ' characterized by or given to the expression of opinions very strongly or positively as if they were facts',
        'NEGATIVE'),
       ('Domineering', ' inclined to exercise arbitrary and overbearing control over others', 'NEGATIVE'),
       ('Dull', ' tedious, uninteresting', 'NEGATIVE'),
       ('Egocentric', ' concerned with the individual rather than society', 'NEGATIVE'),
       ('Enervated', ' lacking physical, mental, or moral vigor : enervated', 'NEGATIVE'),
       ('Envious', ' feeling or showing envy', 'NEGATIVE'),
       ('Erratic', ' having no fixed course : wandering', 'NEGATIVE'),
       ('Escapist',
        ' habitual diversion of the mind to purely imaginative activity or entertainment as an escape from reality or routine',
        'NEGATIVE'),
       ('Excitable', ' capable of being readily roused into action or a state of excitement or irritability',
        'NEGATIVE'),
       ('Expedient', ' suitable for achieving a particular end in a given circumstance', 'NEGATIVE'),
       ('Extravagant', ' exceeding the limits of reason or necessity', 'NEGATIVE'),
       ('Extreme', ' existing in a very high degree', 'NEGATIVE'),
       ('Faithless', ' not true to allegiance or duty : treacherous, disloyal', 'NEGATIVE'),
       ('False', ' not genuine', 'NEGATIVE'),
       ('Fanatical',
        ' a person exhibiting excessive enthusiasm and intense uncritical devotion toward some controversial matter (as in religion or politics)',
        'NEGATIVE'),
       ('Fanciful', ' marked by fancy or unrestrained imagination rather than by reason and experience', 'NEGATIVE'),
       ('Fatalistic', ' a doctrine that events are fixed in advance so that human beings are powerless to change them',
        'NEGATIVE'),
       ('Fawning', ' seeking or used to seek approval or favor by means of flattery', 'NEGATIVE'),
       ('Fearful', ' causing or likely to cause fear, fright, or alarm especially because of dangerous quality',
        'NEGATIVE'),
       ('Fickle', ' marked by lack of steadfastness, constancy, or stability : given to erratic changeableness',
        'NEGATIVE'),
       ('Fiery', ' consisting of fire', 'NEGATIVE'),
       ('Fixed', ' securely placed or fastened : stationary', 'NEGATIVE'),
       ('Flamboyant', ' marked by or given to strikingly elaborate or colorful display or behavior', 'NEGATIVE'),
       ('Foolish', ' having or showing a lack of good sense, judgment, or discretion', 'NEGATIVE'),
       ('Forgetful', ' likely to forget', 'NEGATIVE'),
       ('Fraudulent', ' characterized by, based on, or done by fraud : deceitful', 'NEGATIVE'),
       ('Frightening', ' causing fear', 'NEGATIVE'),
       ('Frivolous', ' of little weight or importance', 'NEGATIVE'),
       ('Gloomy', ' partially or totally dark', 'NEGATIVE'),
       ('Graceless', ' lacking in divine grace : immoral, unregenerate', 'NEGATIVE'),
       ('Grand', ' having more importance than others : foremost', 'NEGATIVE'),
       ('Greedy', ' marked by greed : having or showing a selfish desire for wealth and possessions', 'NEGATIVE'),
       ('Grim', ' fierce in disposition or action : savage', 'NEGATIVE'),
       ('Gullible', ' easily duped or cheated', 'NEGATIVE'),
       ('Hateful', ' full of hate : malicious', 'NEGATIVE'),
       ('Haughty',
        ' blatantly and disdainfully proud : having or showing an attitude of superiority and contempt for people or things perceived to be inferior',
        'NEGATIVE'),
       ('Hedonistic', ' devoted to the pursuit of pleasure : of, relating to, or characterized by hedonism',
        'NEGATIVE'),
       ('Hesitant',
        ' slow to act or proceed (as from fear, indecision, or unwillingness) : tending to hesitate : showing or feeling reluctance or hesitation',
        'NEGATIVE'),
       ('Hidebound', ' having a dry skin lacking in pliancy and adhering closely to the underlying flesh', 'NEGATIVE'),
       ('High-handed',
        ' having or showing no regard for the rights, concerns, or feelings of others : arbitrary, overbearing',
        'NEGATIVE'),
       ('Hostile', ' of or relating to an enemy', 'NEGATIVE'),
       ('Ignorant', ' destitute of knowledge or education', 'NEGATIVE'),
       ('Imitative', ' marked by imitation', 'NEGATIVE'),
       ('Impatient', ' not patient : restless or short of temper especially under irritation, delay, or opposition',
        'NEGATIVE'),
       ('Impractical', ' not practical: such as', 'NEGATIVE'),
       ('Imprudent', ' not prudent : lacking discretion, wisdom, or good judgment', 'NEGATIVE'),
       ('Impulsive', ' arising from an impulse', 'NEGATIVE'),
       ('Inconsiderate', ' heedless, thoughtless', 'NEGATIVE'),
       ('Incurious', ' lacking a normal or usual curiosity : uninterested', 'NEGATIVE'),
       ('Indecisive', ' marked by or prone to indecision : irresolute', 'NEGATIVE'),
       ('Indulgent',
        ' willing to allow excessive leniency, generosity, or consideration : indulging or characterized by indulgence',
        'NEGATIVE'),
       ('Inert', ' lacking the power to move', 'NEGATIVE'),
       ('Inhibited', ' to prohibit from doing something', 'NEGATIVE'),
       ('Insecure', ' deficient in assurance : beset by fear and anxiety', 'NEGATIVE'),
       ('Insensitive', ' lacking feeling or tact', 'NEGATIVE'),
       ('Insincere', ' not sincere : hypocritical', 'NEGATIVE'),
       ('Insulting', ' giving or intended to give offense : being or containing an insult (see insult entry 2 sense 1)',
        'NEGATIVE'),
       ('Intolerant', ' unable or unwilling to endure', 'NEGATIVE'),
       ('Irascible', ' marked by hot temper and easily provoked anger', 'NEGATIVE'),
       ('Irrational', ' not rational: such as', 'NEGATIVE'),
       ('Irresponsible', ' not responsible: such as', 'NEGATIVE'),
       ('Irritable', ' capable of being irritated: such as', 'NEGATIVE'),
       ('Lazy', ' disinclined to activity or exertion : not energetic or vigorous', 'NEGATIVE'),
       ('Libidinous', ' having or marked by lustful desires : lascivious', 'NEGATIVE'),
       ('Loquacious', ' full of excessive talk : wordy', 'NEGATIVE'),
       ('Malicious',
        ' having or showing a desire to cause harm to someone : given to, marked by, or arising from malice',
        'NEGATIVE'),
       ('Mannered', ' having manners of a specified kind', 'NEGATIVE'),
       ('Mannerless', ' a characteristic or customary mode of acting : custom', 'NEGATIVE'),
       ('Mawkish', ' lacking flavor or having an unpleasant taste', 'NEGATIVE'),
       ('Mealymouthed', ' not plain and straightforward : devious', 'NEGATIVE'),
       ('Mechanical', ' of or relating to machinery (see machinery sense 1) or tools', 'NEGATIVE'),
       ('Meddlesome', ' given to meddling', 'NEGATIVE'),
       ('Melancholic', ' of, relating to, or subject to melancholy : depressed', 'NEGATIVE'),
       ('Meretricious', ' of or relating to a prostitute : having the nature of prostitution', 'NEGATIVE'),
       ('Messy', ' marked by confusion, disorder, or dirt : untidy', 'NEGATIVE'),
       ('Miserable', ' being in a pitiable state of distress or unhappiness (as from want or shame)', 'NEGATIVE'),
       ('Miserly', ' of, relating to, or characteristic of a miser', 'NEGATIVE'),
       ('Misguided', ' led or prompted by wrong or inappropriate motives or ideals', 'NEGATIVE'),
       ('Mistaken', ' to blunder in the choice of', 'NEGATIVE'),
       ('Monstrous', ' having extraordinary often overwhelming size : gigantic', 'NEGATIVE'),
       ('Moody', ' subject to depression : gloomy', 'NEGATIVE'),
       ('Morbid', ' of, relating to, or characteristic of disease', 'NEGATIVE'),
       ('Muddle-headed', ' mentally confused', 'NEGATIVE'),
       ('Naive', ' marked by unaffected simplicity : artless, ingenuous', 'NEGATIVE'),
       ('Narcissistic', ' of, relating to, or characterized by narcissism: such as', 'NEGATIVE'),
       ('Narrow', ' of slender width', 'NEGATIVE'),
       ('Narrow-minded',
        ' not willing to accept opinions, beliefs, behaviors, etc. that are unusual or different from ones own : not open-minded',
        'NEGATIVE'),
       ('Natty', ' trimly neat and tidy : smart', 'NEGATIVE'),
       ('Negativistic',
        ' an attitude of mind marked by skepticism especially about nearly everything affirmed by others', 'NEGATIVE'),
       ('Neglectful', ' given to neglecting : careless, heedless', 'NEGATIVE'),
       ('Neurotic', ' of, relating to, constituting, or affected with neurosis (see neurosis)', 'NEGATIVE'),
       ('Nihilistic',
        ' a viewpoint that traditional values and beliefs are unfounded and that existence is senseless and useless',
        'NEGATIVE'),
       ('Obnoxious', ' odiously or disgustingly objectionable : highly offensive', 'NEGATIVE'),
       ('Obsessive', ' tending to cause obsession', 'NEGATIVE'),
       ('Obvious', ' easily discovered, seen, or understood', 'NEGATIVE'),
       ('Odd', ' differing markedly from the usual, ordinary, or accepted : peculiar', 'NEGATIVE'),
       ('Offhand', ' without premeditation or preparation : extempore', 'NEGATIVE'),
       ('One-dimensional', ' having one dimension', 'NEGATIVE'),
       ('One-sided', ' having one side prominent : lopsided', 'NEGATIVE'),
       ('Opinionated', ' firmly or unduly adhering to ones own opinion or to preconceived notions', 'NEGATIVE'),
       ('Opportunistic', ' taking advantage of opportunities as they arise: such as', 'NEGATIVE'),
       ('Oppressed', ' burdened by abuse of power or authority', 'NEGATIVE'),
       ('Outrageous', ' exceeding the limits of what is usual', 'NEGATIVE'),
       ('Overimaginative', ' excessively imaginative', 'NEGATIVE'),
       ('Paranoid', ' characterized by or resembling paranoia or paranoid schizophrenia', 'NEGATIVE'),
       ('Passive', ' acted upon by an external agency', 'NEGATIVE'),
       ('Pedantic', ' of, relating to, or being a pedant', 'NEGATIVE'),
       ('Perverse', ' turned away from what is right or good : corrupt', 'NEGATIVE'),
       ('Petty', ' having secondary rank or importance : minor, subordinate', 'NEGATIVE'),
       ('Phlegmatic', ' resembling, consisting of, or producing the humor phlegm', 'NEGATIVE'),
       ('Plodding', ' to work laboriously and monotonously : drudge', 'NEGATIVE'),
       ('Pompous', ' excessively elevated or ornate', 'NEGATIVE'),
       ('Possessive',
        ' of, relating to, or constituting a word, a word group, or a grammatical case that denotes ownership or a relation analogous to ownership',
        'NEGATIVE'),
       ('Predatory', ' of, relating to, or practicing plunder, pillage, or rapine', 'NEGATIVE'),
       ('Prejudiced', ' resulting from or having a prejudice or bias for or especially against', 'NEGATIVE'),
       ('Presumptuous', ' overstepping due bounds (as of propriety or courtesy) : taking liberties', 'NEGATIVE'),
       ('Pretentious', ' characterized by pretension: such as', 'NEGATIVE'),
       ('Prim', ' to give a prim or demure expression to', 'NEGATIVE'),
       ('Procrastinating', ' to put off intentionally and habitually', 'NEGATIVE'),
       ('Profligate', ' wildly extravagant', 'NEGATIVE'),
       ('Provocative', ' serving or tending to provoke, excite, or stimulate', 'NEGATIVE'),
       ('Pugnacious', ' having a quarrelsome or combative nature : truculent', 'NEGATIVE'),
       ('Puritanical', ' of, relating to, or characterized by a rigid morality', 'NEGATIVE'),
       ('Quirky', ' having many quirks : unusual in especially an interesting or appealing way', 'NEGATIVE'),
       ('Reactionary', ' relating to, marked by, or favoring reaction', 'NEGATIVE'),
       ('Reactive', ' of, relating to, or marked by reaction or reactance', 'NEGATIVE'),
       ('Regimental', ' of or relating to a regiment', 'NEGATIVE'),
       ('Regretful', ' full of regret : feeling or expressing regret', 'NEGATIVE'),
       ('Repentant', ' experiencing repentance : penitent', 'NEGATIVE'),
       ('Repressed', ' subjected to or marked by repression', 'NEGATIVE'),
       ('Resentful', ' full of resentment : inclined to resent', 'NEGATIVE'),
       ('Ridiculous', ' arousing or deserving ridicule : extremely silly or unreasonable : absurd, preposterous',
        'NEGATIVE'),
       ('Rigid', ' deficient in or devoid of flexibility', 'NEGATIVE'),
       ('Ritualistic', ' of, in accordance with, or characterized by the use of ritual: such as', 'NEGATIVE'),
       ('Rowdy', ' coarse or boisterous in behavior : rough', 'NEGATIVE'),
       ('Ruined', ' to damage irreparably', 'NEGATIVE'),
       ('Sadistic', ' of, relating to, or characterized by sadism', 'NEGATIVE'),
       ('Sanctimonious', ' hypocritically pious or devout', 'NEGATIVE'),
       ('Scheming', ' given to forming schemes', 'NEGATIVE'),
       ('Scornful', ' full of scorn : contemptuous', 'NEGATIVE'),
       ('Secretive', ' disposed to secrecy : not open or outgoing in speech, activity, or purposes', 'NEGATIVE'),
       ('Sedentary', ' not migratory : settled', 'NEGATIVE'),
       ('Selfish',
        ' concerned excessively or exclusively with oneself : seeking or concentrating on ones own advantage, pleasure, or well-being without regard for others',
        'NEGATIVE'),
       ('Self-indulgent', ' excessive or unrestrained gratification of ones own appetites, desires, or whims',
        'NEGATIVE'),
       ('Shallow', ' having little depth', 'NEGATIVE'),
       ('Shortsighted', ' lacking foresight', 'NEGATIVE'),
       ('Shy', ' easily frightened : timid', 'NEGATIVE'),
       ('Silly', ' exhibiting or indicative of a lack of common sense or sound judgment', 'NEGATIVE'),
       ('Single-minded', ' having one driving purpose or resolve : determined, dedicated', 'NEGATIVE'),
       ('Sloppy', ' wet so as to spatter easily : slushy', 'NEGATIVE'),
       ('Slow', ' mentally dull : stupid', 'NEGATIVE'),
       ('Sly', ' wise in practical affairs', 'NEGATIVE'),
       ('Softheaded', ' having or indicative of a weak, unrealistic, or uncritical mind', 'NEGATIVE'),
       ('Sordid', ' marked by baseness or grossness : vile', 'NEGATIVE'),
       ('Steely', ' resembling or suggesting steel (as in hardness, color, strength, or coldness)', 'NEGATIVE'),
       ('Stiff', ' not easily bent : rigid', 'NEGATIVE'),
       ('Strong-willed', ' very determined to do something even if other people say it should not be done', 'NEGATIVE'),
       ('Stupid', ' slow of mind : obtuse', 'NEGATIVE'),
       ('Submissive', ' submitting to others', 'NEGATIVE'),
       ('Superficial', ' of, relating to, or located near a surface', 'NEGATIVE'),
       ('Superstitious', ' of, relating to, or swayed by superstition', 'NEGATIVE'),
       ('Suspicious', ' tending to arouse suspicion : questionable', 'NEGATIVE'),
       ('Tactless', ' marked by lack of tact', 'NEGATIVE'),
       ('Tasteless', ' having no taste : insipid', 'NEGATIVE'),
       ('Tense', ' stretched tight : made taut : rigid', 'NEGATIVE'),
       ('Thievish', ' of, relating to, or characteristic of a thief', 'NEGATIVE'),
       ('Thoughtless', ' lacking concern for others : inconsiderate', 'NEGATIVE'),
       ('Timid', ' lacking in courage or self-confidence', 'NEGATIVE'),
       ('Transparent',
        ' having the property of transmitting light without appreciable scattering so that bodies lying beyond are seen clearly : pellucid',
        'NEGATIVE'),
       ('Treacherous', ' likely to betray trust : unreliable', 'NEGATIVE'),
       ('Trendy', ' very fashionable : up-to-date', 'NEGATIVE'),
       ('Troublesome', ' difficult, burdensome', 'NEGATIVE'),
       ('Unappreciative',
        ' not giving recognition or thanks for something : showing no appreciation : not appreciative', 'NEGATIVE'),
       ('Uncaring', ' lacking proper sympathy, concern, or interest', 'NEGATIVE'),
       ('Uncharitable', ' lacking in charity : severe in judging : harsh', 'NEGATIVE'),
       ('Unconvincing', ' not convincing : implausible', 'NEGATIVE'),
       ('Uncooperative', ' marked by an unwillingness or inability to work with others : not cooperative', 'NEGATIVE'),
       ('Uncreative', ' lacking originality of thought : not productive of new ideas : not creative', 'NEGATIVE'),
       ('Uncritical', ' not critical : lacking in discrimination', 'NEGATIVE'),
       ('Unctuous', ' having, revealing, or marked by a smug, ingratiating, and false earnestness or spirituality',
        'NEGATIVE'),
       ('Undisciplined', ' lacking in discipline or self-control', 'NEGATIVE'),
       ('Unfriendly', ' not friendly: such as', 'NEGATIVE'),
       ('Ungrateful', ' showing no gratitude : making a poor return', 'NEGATIVE'),
       ('Unhealthy', ' not conducive to health : not healthful', 'NEGATIVE'),
       ('Unimaginative', ' having or showing a lack of imagination or originality : not imaginative', 'NEGATIVE'),
       ('Unimpressive', ' not attracting or deserving particular attention, admiration, or interest : not impressive',
        'NEGATIVE'),
       ('Unlovable',
        ' incapable of inspiring love or admiration : not having attractive or appealing qualities : not lovable',
        'NEGATIVE'),
       ('Unpolished', ' not polished', 'NEGATIVE'),
       ('Unprincipled', ' lacking moral principles : unscrupulous', 'NEGATIVE'),
       ('Unrealistic', ' not realistic : inappropriate to reality or fact', 'NEGATIVE'),
       ('Unreflective', ' not reflective: such as', 'NEGATIVE'),
       ('Unreliable', ' not reliable : undependable, untrustworthy', 'NEGATIVE'),
       ('Unrestrained', ' not restrained : immoderate, uncontrolled', 'NEGATIVE'),
       ('Unstable', ' not stable : not firm or fixed : not constant: such as', 'NEGATIVE'),
       ('Vacuous', ' emptied of or lacking content', 'NEGATIVE'),
       ('Vague', ' not clearly expressed : stated in indefinite terms', 'NEGATIVE'),
       ('Venal', ' capable of being bought or obtained for money or other valuable consideration : purchasable',
        'NEGATIVE'),
       ('Venomous', ' producing venom in a specialized gland and capable of inflicting injury or death', 'NEGATIVE'),
       ('Vindictive', ' disposed to seek revenge : vengeful', 'NEGATIVE'),
       ('Vulnerable', ' capable of being physically or emotionally wounded', 'NEGATIVE'),
       ('Weak', ' lacking strength: such as', 'NEGATIVE'),
       ('Well-meaning', ' having good intentions', 'NEGATIVE'),
       ('Willful', ' obstinately and often perversely self-willed', 'NEGATIVE'),
       ('Wishful', ' expressive of a wish : hopeful', 'NEGATIVE'),
       ('Zany',
        ' very eccentric (see eccentric entry 1 sense 1a) or absurd (see absurd entry 1 sense 1) often in an amusing way',
        'NEGATIVE');

-- Martian table dummy data
insert into martian values  (1, 'Alice', 'Anderson', '2000-01-01', null),
                            (2, 'Bob', 'Burgers', '1971-05-16', null),
                            (3, 'Chris', 'Christensen', '1993-04-01', null);

-- Profile table dummy data
insert into profile values ('DEFAULT-1', 1, '0', CURRENT_DATE, 1, true),

                           ('DEFAULT-2', 2, '0', CURRENT_DATE, 1, false),
                           ('Party Mode', 2, '200', CURRENT_DATE, 4, true),

                           ('DEFAULT-3', 3, '0', CURRENT_DATE, 1, false),
                           ('Confident boy', 3, '200', CURRENT_DATE, 5, false),
                           ('Academic weapon', 3, '400', CURRENT_DATE, 6, false),
                           ('Romance time', 3, '800', CURRENT_DATE, 9, false),
                           ('Party animal', 3, '1600', CURRENT_DATE, 12, false),
                           ('Gotta be serious', 3, '3200', CURRENT_DATE, 2, true),
                           ('Craving calmness', 3, '6400', CURRENT_DATE, 7, false),
                           ('Festive events', 3, '12800', CURRENT_DATE, 16, false);

-- Profile_Trait dummy data
insert into profile_trait values ('DEFAULT-1', 'Perfectionist'),
                                 ('DEFAULT-1', 'Artful'),
                                 ('DEFAULT-1', 'Healthy'),
                                 ('DEFAULT-1', 'Nihilistic'),
                                 ('DEFAULT-1', 'Paranoid'),

                                 -- DEFAULT-2 has no traits
                                 ('Party Mode', 'Courageous'),

                                 ('DEFAULT-3', 'Alert'),
                                 ('DEFAULT-3', 'Kind'),
                                 ('DEFAULT-3', 'Romantic'),
                                 ('DEFAULT-3', 'Naive'),
                                 ('DEFAULT-3', 'Greedy'),
                                 ('Confident boy', 'Confident'),
                                 ('Academic weapon', 'Scholarly'),
                                 ('Academic weapon', 'Perfectionist'),
                                 ('Romance time', 'Playful'),
                                 ('Romance time', 'Romantic'),
                                 ('Romance time', 'Passionate'),
                                 ('Party animal', 'Courageous'),
                                 ('Party animal', 'Adventurous'),
                                 ('Party animal', 'Chummy'),
                                 ('Party animal', 'Felicific'),
                                 ('Gotta be serious', 'Earnest'),
                                 ('Gotta be serious', 'Neutral'),
                                 ('Gotta be serious', 'Compassionate'),
                                 ('Gotta be serious', 'Agreeable'),
                                 ('Gotta be serious', 'Well-bred'),
                                 ('Craving calmness', 'Amiable'),
                                 ('Craving calmness', 'Empathetic'),
                                 ('Craving calmness', 'Quiet'),
                                 ('Craving calmness', 'Self-conscious'),
                                 ('Craving calmness', 'Mature'),
                                 ('Craving calmness', 'Calm'),
                                 ('Festive events', 'Cheerful'),
                                 ('Festive events', 'Felicific'),
                                 ('Festive events', 'Many-sided'),
                                 ('Festive events', 'Loquacious'),
                                 ('Festive events', 'Erratic'),
                                 ('Festive events', 'Extraordinary'),
                                 ('Festive events', 'Folksy');
-- Chip dummy data
insert into chip values (1, true),
                        (2, true),
                        (3, true);